time,title,visit,handler,content
2024-06-26,请问毕业生怎么退水卡？,89,总务部,请办理直饮机水卡退卡的毕业生，注意以下事项：时间: 6月26日至30日上午8:30-17：00地点：学4楼一层学生服务大厅注意：携带直饮水卡押金条，直饮水卡及相关证件（学生证或身份证）。
2024-06-21,什么时候开放社会车辆帮助毕业生行李搬运？行李托运的毕业季价格是多少？,134,总务部,一、有序开放社会车辆到宿舍楼下运送行李即日起至7月1日晚18:00，在保证校园交通安全的前提下，错时错峰开放毕业生搬家机动车进入学生生活区搬运行李。每日8:00-11:00、13:00-17:00、19:00-22:00，以1小时为一时段，每一时段限10辆车（全天合计100辆车）预约进入生活区，每辆车停留时间不得超过1小时。申请流程：毕业生请于车辆入校前一天（如当天时段有空余，也可预约当天时段），前往保卫处交通办（联系人：陈楠，电话：58808045）预约车辆入校，同时签署安全承诺书。预约成功后，车辆由艺术楼西侧地桩进出学生生活区。①学1―学4宿舍楼：车辆统一停放至学1―学4道路东侧；②学5―学7、学17、学18宿舍楼：车辆统一停放至学5东侧道路；③学8、学9宿舍楼：车辆统一停放至学8宿舍楼北侧；④学10―学15宿舍楼：车辆统一停放至所在宿舍楼北侧；⑤学16宿舍楼：车辆统一停放至学16宿舍楼广场内。二、为毕业生提供免费小推车总务部在各宿舍楼管处提供部分小推车，供毕业生免费借用。用完后，请及时归还，以方便其他同学使用。三、为有特殊需求的同学提供搬运协助服务总务部将组织机关党员、工人师傅成立志愿服务小分队，为身体不便的毕业生、搬运大型物品的毕业生，提供协助搬运服务。有需求的同学，可前往所在宿舍楼楼管处申请（请注明需求内容、搬运时间等），总务部统筹安排。四、为同学们提供防暑降温饮料6月26日至7月1日晚6:00，总务部在学生宿舍集中区，提供饮用水、酸梅汤等防暑降温饮料，供同学们取用。五、为同学们行李托运提供价格优惠2024年毕业季期间，各快递公司具体优惠政策如下： ①申通快递公司毕业季价格比日常低45%，单件包裹重量20kg以上纸箱免费，编织袋免费使用。②圆通快递公司毕业季价格比日常低45%，5kg以上可以享受毕业季优惠价格。③韵达快递公司毕业季价格比日常低45%，单件包裹重量20kg以上纸箱免费，编织袋免费使用。④京东快递公司毕业季价格比日常低40%左右。⑤顺丰快递公司现场领取优惠券后享受8.5折优惠。⑥中国邮政毕业季价格在去年基础上再优惠15%。详见托运现场毕业季价格公示牌。 
2024-06-18,毕业年级6月份之前在北医三院产生的医疗费用，有最晚处理时间吗？,149,校医院,  同学你好，你的问题我们已收到。目前已经六月，毕业生需要把手里所有需要报销的票据一次性报销完毕。  需要注意的是，6月只能报销一次，6月最后一个报销日为6月26日，上午8：00-11：00，下午14：00-16：30。  如有其他疑问，请拨打58809878具体咨询。
2024-06-18,请问毕业生的学位服何时发放？,196,教务部（研究生院）,6月21日上午开完学位评定委员会，确定可授予学位名单后就可以发放。还您请耐心等待。本次发放的专属学位服，是免费赠送给毕业生的，不予收回。顺祝您毕业快乐！
2024-06-18,请问毕业生什么时候可以寄存行李？,133,总务部,  学校为在本校继续攻读硕士、博士研究生的毕业生及本科延期毕业生提供行李存放服务。  存放地点：学1楼地下一层；  寄存手续办理时间：  6月19日(星期三)--6月30日(星期日)，8:00-11:30，14:00-17:00。  对于其他有特殊困难需要存放行李的学生，可向院(系)提出申请，经审核后报总务部根据实际情况安排存放。
2024-06-18,可以购买毕业生挂有灰色通行证的电动自行车吗？,169,保卫处,关于是否可以购买毕业生挂有灰色通行证的电动自行车的问题，如果您是希望能够保留此电动自行车通行证的使用功能，就不建议您购买。我校电动自行车管理遵循“减少存量、控制增量”的原则，2024届毕业生的灰色电动自行车通行证，将于2024年7月8日失效。届时挂有灰色通行证的电动自行车将禁止入校，只能在校外使用。
2024-06-18,2024届毕业生本校升学或就业或延期毕业，电动自行车还能继续在校内使用吗？,121,保卫处,如果您是2024届毕业生本校升学或就业，或者延期毕业，您可携带相关证明，在工作日前往保卫处106办公室，办理电动自行车车证延期手续。
2024-06-18,为什么在校外、通过信息门户，访问不了教务管理系统呢？,43,信息化建设办公室、信息网络中心,答：同学你好，如果从校外访问教务管理系统，可以使用WEB VPN登录，网址 https://webvpn.bnu.edu.cn如果您在使用中有疑问，可通过010-58808113电话咨询，或通过学校微信企业号--信息网络中心--微信在线咨询沟通。
2024-06-18,夏季来临，大浴室的开放时间能不能长一些，满足同学们的生活需求？,90,总务部,答：同学你好，天气转热，为更好地满足同学们洗浴需求，经学校研究决定：自2024年6月6日起，将调整学校大浴室开放时间（6月5日-6月19日为试运行阶段）。具体开放时间如下：一、夏秋季（5月1日―10月31日）每天7:00―9:00；11:00―13:00；16:00―23:30二、冬春季（11月1日―4月30日）每天10:00―23:30。学16楼及其他楼宇内浴室继续执行现行开放时间。
2024-06-18,怎么补办水卡？水卡怎么充值？,60,总务部,1、补办水卡在学4东侧服务大厅，工作时间周一至周五10:00-14:00。补办水卡时请本人携带校园卡到现场办理。2、（1）水卡充值在学4东侧服务大厅，或部分宿舍大厅内“水卡自动充卡机”办理。  （2）充值后需要进行转款，直饮水卡系统为双钱包账户管理。主钱包为保护账户，副钱包为消费账户。转款步骤：初次办卡后，副钱包内20元使用完或快使用完时，请移步9号楼、12号楼、15号楼、16号楼等宿舍大厅内“直饮水卡转款机”，进行转款。如:卡中存入200元，转出20元到副钱包来消费，剩余的180元被主钱包进行保护，当卡出现丢失或异常情况时，请携带押金条，电话联系工作人员，进行挂失朴卡等操作，丢失的水卡将不能使用。转款提示:将卡贴近感应区，听到“滴”的一声后，屏英受示转款成功，并显示主副钱包余额时方可拿开卡片;主钱包金额保护，转入副钱包的金额无法挂失找回。提示:请要善保管直饮水卡，毕业可退卡、防止丢失每天限转1次，每次转20元。水卡转款系统服务电话:13311315514 投诉电话:13911502167
2024-06-17,新购电动自行车（全新或二手电动自行车），还能办理新的校园通行证吗？,136,保卫处,若新购电动自行车是出于在校内使用的目的，那么不建议您新购电动自行车。目前，学校已全面实施《电动自行车管理办法（试行）》，原则不再办理新增电动自行车校内通行，因此新购电动自行车将无法在校内使用。 
2024-05-24,请问学3楼下的洗衣房何时重新开业？,232,总务部,同学你好，经过严格筛选，新的服务商已经成功中标，并即将接替原有服务商，为同学们提供服务。目前，原服务商的清退工作正在有条不紊地进行中，在完成清退流程后，新服务商将着手进行各项开业准备工作，并计划在6月中旬正式开业。感谢同学们的理解与支持，祝您一切顺利！
2024-05-24,请问学校操场夏季和冬季开放时间分别是怎样的？以及东操场和排球场附近没有就便的洗手池，是否可以多设置一些水龙头供同学们运动后临时清洁？,164,教务部（研究生院）,   同学你好，学校操场的开放时间，夏季（4月-10月）在6:00-22:30开放，冬季（11月-次年3月）在6:30-22:00开放。 操场开放时间充分考虑了不同师生的诉求、天气等情况。冬季晚间室外温度较低，活动师生较少，因此操场关闭时间定在22:00，且不会影响操场西侧、南侧学生公寓及四合院居民的休息；夏季结束时间有所延长，也比较符合天气和广大师生的起居状况。  学校计划今年暑期改造东操场，洗手池问题届时根据实际情况会酌情考虑。  如果再有类似问题，可拨打58808044及时与我们沟通。
2024-05-24,请问毕业之后，如何申请校友E卡？,242,信息化建设办公室、信息网络中心,同学你好，你可以在微信中搜索小程序“北师大人”，进入小程序后，按照校友会的要求进行校友身份验证，即可申请校友E卡。欢迎同学们毕业之后，积极参与校友会举办的校友活动，常回母校走走看看！
2024-05-24,临近毕业，想要咨询下，我们在毕业后还能使用数字京师、VPN、师大云盘、正版软件、师大邮箱吗？,284,信息化建设办公室、信息网络中心,同学你好，数字京师、VPN、师大云盘毕业后将无法使用，正版软件在离开校园网180天后失效，师大邮箱可以一直使用。谢谢提问，祝你毕业快乐！
2024-05-24,老师您好，大一入学时，校园网免费流量较少，每月免费流量仅为20G，我在校园网中充值了一定量的网费，以供日常使用。在贵中心的努力下，学生免费流量已达100G，极大满足了我们日常需要，在此表示感谢。近日已临近毕业，想问有没有退费的渠道和安排。 谢谢！,258,信息化建设办公室、信息网络中心,答：同学，你好。毕业生的校园卡、校园网账户余额在学校要求的毕业离校时间之后，会统一由学校财经处转账到同学财经综合服务平台绑定的银行卡中，按照往年的毕业工作安排一般在7月上旬能够到账。
2024-04-15,放弃辅修之后，我的辅修学分可以转为主修学分吗？如果可以的话，需要如何申请操作呢？,269,教务部（研究生院）,       同学你好，根据《北京师范大学本科生辅修管理办法》（https://jwb.bnu.edu.cn//docs/2021-11/b297c813ac744903b24ecdbcdb80c0bf.pdf）相关内容，放弃辅修后辅修学分会全部转为主修学分。       放弃辅修具体流程如下：在确定没有辅修欠费后，在北京师范大学教务部网页的“常用下载”处下载“放弃辅修专业修读资格申请表”，填写后按表格要求前往主辅修院系和教务部运行办公室（主楼A111）审核盖章，完成后即可前往主修院系教务处将辅修课程全部转为主修课程。       以后遇到此类问题，您可以先咨询学院的教务员老师或者查阅本科生手册。谢谢！
2024-04-15,请问毕业生学位服有无一些模特或者试穿同学的尺码可供参考呢？学校下发的尺码表有点不知道怎么挑选。,237,教务部（研究生院）,同学你好，学位服整体版型宽松。您可以主要依据自己的身高数据，并参考所提供的尺码表选择相应的学位服尺码。
2024-04-15,请问目前图书馆除了门口两侧的柜子，是否还有面向考研学生的可长期存放柜，或是否有其他便利考研学生的服务？,194,图书馆,同学，您好！主馆的长期手工存包柜位于主馆南门外，英东楼、主馆南区三层，每学期初发一次，可使用1学期。学期中有可能有少量剩余，如有需求可前往主馆一层总借还处咨询。谢谢。
2024-03-27,请问研究生的《北京高校非北京户籍大学生在学凭证》以及高等院校在读大学生就读学校学籍管理部门核实加盖公章的《教育部学籍在线验证报告》如何办理？,106,教务部（研究生院）,（一）研究生均需登录中国高等教育学生信息网（http://www.chsi.com.cn），按规定程序获取《教育部学籍在线验证报告》。（二）申请人持学生证/研究生证到学校保卫处户籍科开具非京籍证明，亦可到主楼C区一层大厅保卫处的自助终端打印非京籍证明。（三）研究生登录研究生系统（ss.graduate.bnu.edu.cn），提交“非京籍在学证明”申请及相关附件。（四）申请人本人持《教育部学籍在线验证报告》（一式一份）、学校保卫处户籍科开具的非京籍证明（一式一份），工作时间前往教务部办理（主楼A区210室）。
2024-03-27,本科生在学证明该怎么申请呢?,109,教务部（研究生院）,本科生要学证明开具，请在本科生学籍管理服务系统 http://bk.bnu.edu.cn办理【数字京师-本科生学籍系统-在学证明、非京籍在学证明、证件补办模块】。相关提问如下： 1.在学证明：办理流程已放在教务部网站，学生申请审核通过后，可以按照短信提示，自助打印【也请转告各院系学工口负责老师，各类找工作、领补助等用途的在学证明，均可在系统上申请】。 2.可信电子证明：登录系统【数字京师-本科生学籍管理服务系统-在学证明】，进行线上申请，审核通过后可在主楼C区一层大厅、主楼A区二层楼道自助打印机进行打印，可信电子证明服务平台下载电子版【补充说明：网址：http://xszm.bnu.edu.cn，在读学生可通过PC端或手机微信端经信息门户统一身份认证，登陆申请可信电子成绩单、绩点证明、在读证明等材料。可信电子成绩单服务的数据来源于教务管理系统、本科生学籍管理服务系统，与自助打印机出具的一致。bb@bnu.edu.cn】。3.非京籍在学证明：户口没有转入学校的同学，在京申请护照、港澳台通行证，需要开具非京籍学生在学证明的，也请登陆系统 -非京籍在学证明模块提交申请，申请审核通过后按照短信要求提交材料，每周二、周四工作时间到主楼A210办理。
2024-03-27,学校教室内上下课铃声过于响，能否根据教室容量大小，调试铃声大小？,305,教务部（研究生院）,同学你好，感谢你的建议。目前的教室铃声是整层楼统一控制，可能会出现个别教室的音量偏大或者偏小。学校计划今年对教学楼楼宇广播进行整体改造，改造后每间教室铃声的音量都可分别控制。如你还有其他问题，可以在工作时间拨打电话58805107联系我们。 
2024-03-27,想对西操场的体育器材提出一些意见和建议。发现西操出现了一批新器材，非常惊喜，但是注意到大部分器材的配重至少是30-60kg不等，大部分根本举不起来。,276,教务部（研究生院）,同学你好，西操场更换的器材是在2024年初进行投放的。在此前有多名同学反映操场器材砝码过于轻，适合零基础或年龄偏大的人员使用。经过与体育与运动学院沟通调研，决定西操采购的器材砝码要比东操场重一些，这样也能让同学在锻炼中能力有所递进。所以如果觉得西操场器材重量不适合自己，可以选择东操场器材进行锻炼。感谢你对学校体育场馆工作的关注和支持，如果再有类似问题，可拨打58808044及时与我们沟通。
2024-03-27,为什么在微信北师大图书馆公众号里的馆藏查询中显示开架借阅的图书，总是预约失败？,105,图书馆,同学您好，五层图书在架不需要预约，直接前往借阅即可，故出现预约失败的对话框。图书可预约范围：所在校园没有可外借的在架图书，位于地下书库（中文预约书、外文预约书）等。谢谢。
2024-03-27,目前校园内圆柏松树等花粉浓度显著增加，学校有安排对相关树木进行高压水枪冲洗花粉或其他处理，来缓解校园师生花粉过敏吗？,277,总务长办公室（后勤管理处）,同学你好，从今年3月8日开始，总务部相关部门就组织专门人员对校园内开花的柏树等用高压水枪冲洗花粉，每天上下午冲洗一遍。期间，因大风天气无法作业外，其他时日每天安排冲洗，以帮助缓解校园师生对花粉的过敏反应。
2024-01-02,党委学工部负责的寒假返乡调研相关事项，具体咨询方式,222,党委学生工作部,寒假调研相关工作，如果属于学工部主责的项目，可以联系58800860具体咨询。
2023-12-14,如何预约参观西城校园（辅仁校园）,495,继续教育与教师培训学院,继续教育与教师培训学院已于2023年6月1日在学校信息门户发布了《关于预约参观西城校园（辅仁校园）的通知》（附链接），你可以按照通知要求通过学院进行申请，具体事宜可以电话咨询杜勇智58805259、毛晓峰58805902两位老师。https://one.bnu.edu.cn/dcp/forward.action?path=/portal/portal&p=pimShow&id=8fa18f5c440d4dc88a56be5753396242&tt=5034ff8df5be4668aa48637b752a73a3
2023-09-21,学生可以通过什么途径，与学校的具体部门进行业务咨询和业务办理呢？,596,党委学生工作部,就医及医药费报销问题  【负责单位】校医院【反馈/查询渠道】咨询电话如下：58805581（就医咨询）58809878（报销咨询）    就业签约派遣有关问题  【负责单位】党委学生工作部【反馈/查询渠道】①咨询电话：职业发展与就业指导中心 58802095②邮件咨询：jiuyezhongxin@bnu.edu.cn  学业/课程/考试等教务问题和教室等公共资源使用问题  【负责单位1】教务部【反馈/查询渠道1】咨询――邮件咨询：jwb@bnu.edu.cn查询――扫二维码查看教务管理常见业务解答【负责单位2】各单位教务办公室【反馈/查询渠道】涉及本专业具体学业考试等问题可与所在院（系）教务老师沟通联系  校内餐饮、住宿、超市及校内经营网点等服务和校园水电气暖、教学设施等基础设施设备损坏报修等问题  【负责单位】总务部【反馈/查询渠道】一站式服务热线（24小时）：58801111  校园安保有关问题  【负责单位】保卫处【反馈/查询渠道】服务电话（24小时）：58806110  学生户籍问题  【负责单位】保卫处【反馈/查询渠道】①户籍科咨询电话：58808055②邮件咨询：sdhj@bnu.edu.cn    校园卡、校园网及校内信息平台等问题  【负责单位】信息网络中心【反馈/查询渠道】①服务电话：58808113②邮件咨询：info@bnu.edu.cn③微信客服：学校信息门户-信息网络中心-常用服务-微信在线咨询④自助报修：发邮件到http://its.bnu.edu.cn，或学校信息门户-信息网络中心-更多服务-自助报修    图书馆有关问题  【负责单位】图书馆【反馈/查询渠道】①电话咨询：馆内咨询台②服务电话：58806113/58802934③邮箱咨询：reference@bnu.edu.cn     学生档案问题  【负责单位】档案馆【反馈/查询渠道】查询――可通过网络预约办理成绩、学历证明、补档、转档等事宜。https://dangan.bnu.edu.cn/bszn/130342.html
2023-09-21,北医三院急诊报销是否需要提供转诊单？,360,校医院,    北医三院是我校公费医疗合同医院，赴急诊就医，不需要校医院开具转诊单。
2023-09-21,针对大学报销、党费报销、基金会报销据、校友会、工会报销的开票信息分别是什么呢？,154,财经处,针对大学报销票据的开票信息――名称：北京师范大学纳税人识别号：12100000400010056C地址、电话：北京新外大街19号010-58807714开户行及账号：中国银行北京文慧园支行340256015272行号：104100004520银行咨询电话：62242389针对党费报销票据的开票信息――名称：北京师范大学纳税人识别号：12100000400010056C地址、电话：北京新外大街19号010-58807714开户行及账号：中国银行北京文慧园支行340256015272行号：104100004520银行咨询电话：62242389针对基金会报销票据的开票信息――名称：北京师范大学教育基金会纳税人识别号：531100007985011538开户行及账号：中国银行北京文慧园支行  324656015336针对校友会报销票据的开票信息――名称：北京师范大学校友会纳税人识别号：51100000500012163J开户行及账号：中国银行北京文慧园支行  324668505939针对工会报销票据的开票信息――名称：中国教育工会北京师范大学委员会纳税人识别号：81110000737670674U开户行及账号：中国银行北京文慧园支行  320769425752
2023-09-21,形象陈列馆参观预约有何流程？,256,档案馆（党史研究室、校史研究室）,在学校疫情防控工作统一部署下，根据北京师范大学疫情防控暨学生返校复学工作领导小组会议的指示精神，形象陈列馆自2021年9月6日起错峰限流预约开放，并同时恢复人工讲解服务。形象陈列馆将严格落实各项疫情防控措施，确保有序安全的开放环境。一、开放时间暂定为每天上午9:00-11:00 ，下午3:00-5:00；二、开放方式为提前3-5个工作日（不含参观当日）进行电话预约参观，参观人员由所在院系或有关负责同志向校史研究室提出电话预约申请；三、单次参观人数一般不得超过50人，批次间隔以一小时间为宜，每日限额200人；四、参观当日，参观团队请持单位负责人签字并加盖单位公章的《形象陈列馆参观登记表》（网站右下角下载）；五、按预约时段自后主楼东侧经测温通道后，乘电梯到23层进入形象陈列馆；六、入馆参观时须全程佩戴口罩，与他人保持1米以上安全距离。参观人员不得在展厅内饮食集聚、追逐打闹、大声喧哗、触摸展品等，参观路线听从工作人员疏导安排；七、参观期间如有发热、咳嗽等身体不适状况，请及时联系工作人员，我们按学校应急处置预案进行处理；八、参观过程中，为了给您提供良好服务并确保您的健康，请您自觉遵守参观要求并听从工作人员的疏导。感谢您对形象陈列馆工作的配合。预约电话：  58800132  白老师     58800102  姜老师
2023-09-21,身份证补办的具体流程是什么？,238,保卫处,本人携带字迹清晰的学生卡或学生证、现金40元，到北太平庄派出所直接办理。北太平庄派出所位置：出学校西门后一直往南走，经过3个十字路口后，路西侧，全程约1500米。
2023-09-21,如何重置数字京师、校园网、电子邮箱密码呢？,87,信息化建设办公室、信息网络中心,上网账号、电子邮箱、数字京师密码可以用自助的方法进行重置：您可以在“微信门户-信息网络中心-密码重置”功能里，针对“上网认证网关密码”、“师大电子邮箱密码”、“数字京师门户密码”进行自助重置密码操作。
2023-09-21,怎么联系信息网络中心？信息网络中心服务大厅的办公时间是什么？如何关注北京师范大学微信门户呢？,70,信息化建设办公室、信息网络中心,您可以直接致电联系和反馈我们：电话：010-58808113邮箱：info@bnu.edu.cn主页：https://info.bnu.edu.cn/                                信息网络中心服务大厅服务时间：8:00-11:30，14:00-17:00（工作日）9:30-12:00，14:30-17:00（周末及节假日）了解微信门户关注流程，请访问http://wx.bnu.edu.cn/，内文有具体的操作步骤说明。
2023-09-21,校医院能否进行中药熬煎？,719,校医院,   校医院煎药室已于2021年12月正式启用，可为在校医院开草药的患者提供煎药服务。受煎药室空间和煎药机数量所限，为保证煎药质量，每日可煎药8-10人次。   欢迎有需要的师生进行预约。
2023-09-21,校医院的报销流程和时间安排是怎样的？,302,校医院,一、公费医疗报销所需材料及时间我院公费医疗定点合同医院是北京大学第三医院。报销时需要携带以下材料：1、加盖收费章的收据联。2、转诊单（就诊前开具，有效期一个月，每去一次需开具一张）。3、如有西药费、中药费必须附药品处方；检查费超过100元附检查结果。检查预约未做，待做完后带结果报销，报销时以检查报告出具时间为准。4、缴费收据上未显示收费具体项目的需打印明细清单。5、外伤需写加盖院系公章的外伤说明，写明时间、地点、受伤经过。6、报销时间为一个月内，对月不对日（例4月就诊，5月底前按规定报销时间均可报销），过期不予报销。7、特需门诊发生的医疗费用一律不予报销。8、急诊不需要转诊单，需要加盖诊断章的急诊诊断证明。9、住院报销所需材料：转诊单、加盖公章的收据、出院诊断证明、住院费用明细清单、外伤需写外伤说明（时间、地点、受伤经过、加盖院系公章）。10、人员类别及报销时间如下：（1）门诊报销时间：上午8:00-11:00，下午14:00-16:30在职教职工老师报销：周一下午，周三全天离休教职工老师、新102： 周二下午退休教职工老师：周一上午、周四全天学生：周二上午、周三全天（2）住院费用报销时间：周二上午8:00-11:00（3）寒暑假报销时间另行通知。11、 如有疑问，请拨打财务电话：58809878。二、公费医疗报销地点：   校医院二层财务科。
2022-11-04,暖气不热怎么办？,776,总务长办公室（后勤管理处）,目前为供暖试运行阶段，在此期间相关部门也在逐一排查各类问题并予以解决。如有供暖问题，请及时拨打暖维修电话010-58808270
2022-09-13,学生“临时出入校”申请选项如何恢复？,791,党委学生工作部,当学生离京或者寒暑假期间离校，系统会自动限制“临时出入校”申请权限。按照规定流程办理返校手续，扫码完成报到注册的同学，一般会批量恢复相关权限。如果遇到权限一直没有恢复的情况，请联系所在院系辅导员老师，核实具体情况后，可以帮助同学申请恢复“临时出入校”申请权限。
2022-06-19,近期离校返乡送站服务范围是否包含“丰台站”？,823,党委学生工作部,经学工部负责老师联络协调，自20日起送站服务将会增加丰台站点，具体安排请以送站车辆预约链接信息为准。
2022-06-17,近期离校返乡的同学如何获取学校送站班车预约信息？,476,党委学生工作部,学生按照要求提前报送离校返乡信息后，送站车辆的预约链接会在每天晚上七点左右点对点发送至第二天离校学生的“北师大企业号-学工在线”中。如果学工在线没有收到通知，可以联系学院负责离校信息统计和报送的辅导员老师，询问预约链接的相关情况。
2022-06-16,行李比较多，将行李送给校外的家人，目前校内可以往校外递送大件行李吗？,793,总务长办公室（后勤管理处）,这种情况可以走西中门，并且还可以在那里借推拉车，从西中门递送出去。南门和大西门由于没有缓冲区和消杀的空间，是用于人员的通道，交集行李很容易出问题。感谢您对疫情防控工作的支持和理解。
2022-06-11,什么时间办理离校退宿手续，以及在哪里办理行李存放？,372,总务长办公室（后勤管理处）,6月21日（星期二）―6月30日（星期四）下午4:30之前，住宿学生办理完毕电子离校系统中的退宿手续，地点：各宿舍楼。7月1日零点前需搬离宿舍，如有变化另行通知。学校为在本校继续攻读硕士、博士的毕业生及本科延期毕业生提供行李存放服务。存放地点:学1楼地下一层；寄存时间:5月29日至6月30日，上午8:00至11:30，下午14:00至17:00。对于其他有特殊困难需要存放行李的学生可向院（系）提出申请，经审核后上报党委学工部批准，总务部根据实际情况存放。注：由于宿舍需进行粉刷、卫生保洁等原因，原则上不安排暑期临时住宿。如有特殊情况，取得本校硕博研究生资格的毕业生可向院（系）提出申请，经审核后上报党委学工部批准，总务部根据实际情况安置。2019级延期博士生搬迁昌平校园时间另行通知。
2022-06-10,毕业生即将离校，在智慧食堂充值的余额如何退款？,849,总务长办公室（后勤管理处）,针对毕业生在智慧食堂充值结算事宜，相关的安排如下――感谢同学们的积极配合，我们共同做好相应离校前准备工作：一、6月15日起，请所有毕业生（2022届本、硕、博、留学生等）停止在智慧食堂消费，如欠费可在6月15日至6月30日充值缴纳所欠费用。二、如账户存有余额，将在7月1日毕业离校后，通过财经处把余额打到个人关联的银行卡里。三、7月1日将彻底冻结毕业生账户，消费与充值全部冻结。四、如有2022届毕业生欠费，请您尽快缴纳欠费，以免影响到毕业离校手续的办理。
2022-06-06,学校办理的学生公交卡应该怎么挂失？,287,总务长办公室（后勤管理处）,后勤商贸中心在每年3月或9月两次办理新卡和补办新卡，其他情况如挂失、补办或退卡，请自行到公交网点进行办理，需携带本人身份证和学生证原件。
2022-06-06,邮政服务什么时间可以恢复邮寄？,219,总务长办公室（后勤管理处）,目前后勤主管部门还在跟邮政公司协调具体工作，关于邮政何时营业事宜，主要取决于该公司的上级行政安排，我们会协助邮政逐步恢复营业。
2022-06-05,请问保研本校的毕业生，什么时间可以在学一地下一层寄存行李？,614,总务长办公室（后勤管理处）,学校为在本校继续攻读硕士、博士的毕业生，以及本科延期毕业生，提供行李存放服务。存放地点:学1楼地下一层；寄存时间:5月29日至6月30日，上午8:00至11:30，下午14:00至17:00。您可以前往办理手续。
2022-06-05,为什么京东快递有些物品需要开箱验货才能转寄？,386,总务长办公室（后勤管理处）,京东门店快递服务人员出于负责任的考虑，按照快递寄递要求，寄递贵重物品必须要在监控下开箱验货才能转寄。这样将来所寄物品发生损坏时，才能有所追溯，以及查清楚是在哪个环节出现的问题。最近京东618促销，很多师生在购买了物品，导致京东门店快递数量剧增。物业监管部门再一次提醒快递服务中心按照学校防疫要求，提醒领取快递的师生保持1米安全距离，拆完快递后及时拆开外包装对快递内部进行消杀。
2022-06-05,校内的水果店商品定价是否合理？,1274,总务长办公室（后勤管理处）,学生区共有水果销售点4家，分别为浴室北侧果多美水果店、小吃街北口西侧呀咪客店、小吃街北口东侧小果匠水果店，小西门平价水果店。物美超市内也在筹备水果区，目前在调整阶段。多家水果店形成市场竞争机制，每店开展不通程度促销。果多美为连锁企业，价格为总部定价与校外店价格一致，小吃街两家为对门，每天都有不同种类的促销，商贸中心对小西门平价水果店的定价和果多美每周做调研对比，实时监管。同学在购物过程中，如果发现任何有违背市场规律抬高物价或存在食品安全隐患、服务态度差等问题，随时可以通过每家店铺门口所张贴的“码”上解决系统进行在线投诉，也可拨打商户服务监督电话58806341，或者后勤服务热线58801111投诉。
2022-06-01,开学初为返校所做的核酸检测如何报销？,314,校医院,我校学生为安全返校所做核酸检测，报销所需材料为：当地定点医疗机构或当地卫生健康部门指定机构出具的收费票据（盖章有效）以及打印的核酸检测结果。票据抬头是学生本人姓名。票据时间为2022年2月8日（含）至今。每名学生限报一次核酸检测费用。另请在票据上写清学生学号和姓名。为避免排队聚集，请同学们将票据交所在学部、院系统一整理。如有疑问，请拨打电话58809878。
2022-06-01,居住在校外的毕业生，离校前如何报销医药费呢？,191,校医院,现阶段海淀区仍进行管控管理，家属区实行封闭管理，非家属区人员不能进入，如果6月底前家属区解除管控，同学可进入校医院自行报销。6月份及之前产生的就医费用可以报销，票据提交时间为7月8日前。目前阶段，也可将相关单据转交校内老师或同学帮忙报销，按照应急资料接收程序从东门将材料递进来（具体流程可咨询辅导员）。校医院财务报销咨询电话：58809878。
2022-06-01,请问因疫情未能返校的非毕业生图书到期后，应如何归还或者能否予以延期？,160,图书馆,对于因疫情未返校同学图书归还问题，图书馆主动与学工和教务部门沟通获取了相关名单，这些同学的图书，图书馆会定期统一给大家延期，直至疫情好转允许返校。在此间，您不必急着将图书通过快递寄回。如果因名单遗漏未能给您统一延期，您可以电话58806113，请工作人员给您延期，并告知将您的学工号纳入到未返校的名单中，以便后续统一延期。
2022-06-01,校外毕业生还图书馆图书报学工部审批需要单独渠道吗？,74,图书馆,   不需要，毕业生按照学校下发到各院系的大东门资料交接途径，向学院提出申请，由学院报学工部审批即可。
2022-05-31,作为2022届的毕业生，在离校前需要完成的和图书馆相关的工作有哪些呢？,90,图书馆,为高效、稳妥、便捷、有序地做好2022届毕业生离校工作，根据学校相关规定，图书馆特提出如下注意事项，希望毕业生积极配合，做好相应离校准备工作。  一、6月13日起，所有毕业生（2022届本、硕、博、留学生等）停止书刊外借，可持校园卡阅览书刊。  二、6月15日之前，请完成以下两项准备工作。  1. 还清所借书刊：总分馆及馆际互借图书  2. 通过图书馆主页提交学位/毕业论文电子版，并确认审核通过。具体内容请参见“关于毕业生提交学位论文的通知”。           咨询电话：58809922  三、凡纳入电子离校系统的毕业生完成以上流程即可，无需到馆办理离校手续。  四、凡持纸质转单的离校毕业生完成上述二项准备工作即可到馆办理盖章手续。  五、集中办理  时间：6月15日（星期三）-17日（星期五），8:30-16:30  地点：     图书馆主馆一层大厅总借还处、总咨询处（离校手续办理）/咨询电话：58806113     昌平校园G区分馆一层大厅（离校手续办理）/咨询电话：58802892     图书馆将根据疫情防控政策及时调整还书方案，敬请关注最新通知。
2022-05-31,目前居住校外的毕业生，如何归还图书馆的图书呢？,81,图书馆,根据近期疫情防控工作要求，为确保毕业生离校工作有序进行，居住在校外无法入校归还图书的毕业生，采取如下归还图书方式：1. 委托还书  如果书在校内，请委托在校师生代为归还图书。2. 到学校东门外还书  即日起-2022年6月10日（含）早8点-20点，图书馆在学校东门外设置临时还书车。按照《校园一级管控期间校内外急需物品交接流程》，读者向学工部提出到校门还书申请并获得同意后将所归还图书用塑料袋密封放入还书车，并随书标注还书相关信息，包括姓名、校园卡号、手机号、所还图书的索书号或书名、总册数等。由门卫集中消杀后转移至校内。图书馆工作人员将图书取回并代为在系统中归还。联系电话：588061133. 邮寄还书  读者可根据实际情况，选择将图书以快递（不能使用“到付”）邮寄至图书馆，快递使用如下联系人及地址信息。地址：北京市海淀区新街口外大街19号北京师范大学图书馆  收件人：胡老师      联系电话：18910779955  请使用京东、中通、申通、邮政快递，并务必备注姓名、校园卡号、手机号、所还图书的索书号或书名、总册数等信息。  图书馆根据学校疫情防控政策及时调整读者还书方案，敬请关注图书馆的相关通知。其他未尽事宜，请联系图书馆工作人员，联系方式：58806113。
2022-05-30,毕业离校前，有大量物品要邮寄，学校里有没有更加优惠的邮寄快递服务？,304,总务长办公室（后勤管理处）,     根据北京市相关疫情防控部署的精神、学校周边当前疫情形势和属地街道的具体工作要求，经学校研究决定，自5月12日启动校园一级防控，校园实行封闭管理，取消所有在校人员的出入校权限，暂停校外人员入校申请。自今年4月以来，北京市发生多起快递员感染新冠病毒事件，因此校外快递员属于高风险人群（无法准确掌握行动轨迹及接触人员）。5月28日，根据北京新冠肺炎疫情防控工作领导小组办公室的统一部署，海淀区在严格执行全市“分区分级动态完善社会面防控措施”的基础上，执行8条管控措施，时间为2022年5月28日12时至无新增社会面病例连续满7天，要求外来人员（含快递、外卖、小时工）禁止进入。  目前校内的快递人员为学校公开招投标进驻快递公司工作人员。为满足毕业生离校需求，学校要求校内快递服务站点于5月29日启动毕业季学生行李托运价格优惠活动，详见各快递站点宣传资料，同学们可酌情选择。  毕业生行李托运时间为5月29日至6月30日，提前离校的学生可直接去校内各快递点办理（目前可收件快递公司:圆通快递、中通快递、申通快递、京东快递）。  6月23日至6月30日为集中办理时间，地点为西中门和学十二楼北侧，可收件快递公司为:中通快递、申通快递、圆通快递、京东快递、顺丰快递、德邦快递等。若疫情有变化，另行通知。各家公司毕业季行李托运价格会在学十二楼北侧集中展示。
2022-04-13,缴存人如何查询个人住房公积金情况？,187,国有资产管理处（国有资产监督管理委员会办公室）,可以通过以下十一种方式查询：（1） 北京住房公积金网（gjj.beijing.gov.cn）；（2）“北京公积金”APP；（3）“北京通”APP；（4）“北京公积金”微信公众号；（5） 12329住房公积金热线；（6） 支付宝APP；（7） 公积金用卡发卡银行自助查询机；（8） 住房公积金柜台；（9） 北京市政务服务网；（10）中国政务服务平台；（11）政务服务自助查询机。
2022-04-13,固定资产是否能够出租出借？,179,国有资产管理处（国有资产监督管理委员会办公室）,学校固定资产使用应首先保证学校教学科研需要。原则上学校固定资产不得对外出租、出借；确需出租、出借的，由使用单位提出申请和提交拟出租、出借的合同，国有资产管理处（学校国有资产监督管理委员会办公室）汇总后，按规定进行资产评估，报学校国有资产监督管理委员会批准。出租、出借收入统一纳入学校核算。
2022-04-13,什么是学校的国有资产？接收捐赠的资产是国有资产吗？,91,国有资产管理处（国有资产监督管理委员会办公室）,国有资产是指学校占有、使用的，依法确认为国家所有，能以货币计量的各种经济资源的总称。国有资产包括用国家财政资金形成的资产、国家无偿调拨给学校的资产、按照国家政策规定运用国有资产组织收入形成的资产、接受捐赠等经法律确认为国家所有的其他资产。
2022-04-12,遗留档案(含往届生、留学归国人员等）如何转档？,83,档案馆（党史研究室、校史研究室）,遗留档案(含往届生、留学归国人员等），包括毕业、退学、出境留学等离校后遗留学校未转的学生档案（往届毕业生指的是毕业超过1年以上的学生）。档案遗留在校，我们只能保管档案材料不遗失，无学生档案应该去的正规存档机构权限，因此且仅能出具给教育部留学服务中心和北师大就业指导中心办理派遣手续出就业报到证使用的档案遗留在校证明，其他校外单位需要的“存档证明”无法出具。如何转档的具体流程说明，请参看档案馆网站“遗留档案(含往届生、留学归国等）转档流程”https://dangan.bnu.edu.cn/bszn/101770.html
2022-04-12,毕业生如何开具在北师大学习期间的各种档案证明？,144,档案馆（党史研究室、校史研究室）,根据北京市疫情防控形势和学校工作需要，我馆采取在线预约的方式为广大师生校友提供学籍档案利用服务。具体流程请参看档案馆网站“在线预约开具档案证明的通知”https://dangan.bnu.edu.cn/bszn/97650.html
2022-04-12,应届毕业生转档及特殊情况处理有什么流程？,77,档案馆（党史研究室、校史研究室）,   应届毕业生在指定时间按照学生就业与创业指导中心及学部、院系的要求完成毕业派遣工作，并在学校就业系统规范填写学生人事档案转递信息，学部、院系和就业与创业指导中心审核后，会按预定时间集中向档案馆移交毕业生转档数据，学部、院系集中向档案馆移交学生的就业通知书归档，无需学生再到馆现场或线上办理转档手续。档案馆将根据毕业生集中派遣的转递数据按计划分批次通过邮政EMS学生档案专用通道集中派发档案。   其他情特殊情况，包括“改派或更正转档地址”、“保送/考取外校研究生调档事宜”、“定向研究生换单位修改档案转寄地址登记”、“已派遣毕业生缓发档案申请”、“派档批次及已派遣申请最早一批发档”、“非集中派遣同学，如何办理转档手续”、“如何查询档案派发情况”等情况，请参看档案馆网站“应届毕业生转档及特殊情况的应对流程”https://dangan.bnu.edu.cn/bszn/95550.html
2022-04-12,疫情期间校外用人单位政审查阅学生人事档案有什么流程？,70,档案馆（党史研究室、校史研究室）,   按照学校近期关于疫情防控的精神，特制定疫情期间校外用人单位审查拟录用学生人事档案流程，具体如档案馆网站“疫情期间校外单位来馆审查档案流程”https://dangan.bnu.edu.cn/bszn/92773.html所示。   温馨提示：为保证查档时间，请尽量入校后先到馆查档后再去院系座谈。
2022-04-12,参与采购活动的人员有什么需要回避的情形？,67,国有资产管理处（国有资产监督管理委员会办公室）,在采购活动中，采购人员及相关人员与供应商有下列利害关系之一的，应当回避：（一）参加采购活动前3年内与供应商存在劳动关系；（二）参加采购活动前3年内担任供应商的董事、监事；（三）参加采购活动前3年内是供应商的控股股东或者实际控制人；（四）与供应商的法定代表人或者负责人有夫妻、直系血亲、三代以内旁系血亲或者近姻亲关系；（五）与供应商有其他可能影响政府采购活动公平、公正进行的关系。
2022-04-12,什么是科研仪器设备？,51,国有资产管理处（国有资产监督管理委员会办公室）,科研仪器设备是指能独立使用且耐用期为1年以上、单位价值在1500元及以上、使用学校各类资金购买、委托研制开发等方式获取的与教学科研活动相关的设备(仅限各学部院系、图书馆、信息网络中心、分析测试中心、教务部等单位购买的相关科研仪器设备)。
2022-04-12,采用三方比价采购的科研仪器设备，都需要带什么材料到国有资产管理处备案？,29,国有资产管理处（国有资产监督管理委员会办公室）,1、各院系的科研仪器设备用款申请审核单（2份原件、须院系签字盖章）2、比价采购报告（1份，须比价小组成员签字、加盖院系公章，比价采购报告下载地址为https://cg.bnu.edu.cn/sfw_cms/e?page=cms.detail&cid=2055&nextcid=2055&aid=48690）3、三份不同供应商提供的报价单原件（须加盖供应商公章、若为复印件或网店截图，则须加盖院系公章）
2022-04-12,采购项目什么情况要委托国有资产管理处组织采购？,21,国有资产管理处（国有资产监督管理委员会办公室）,采购预算达到学校采购限额标准的采购项目要委托国有资产处组织采购，采购限额标准为：科研仪器设备50万、行政办公设备50万、家具及其他货物20万、与工程相关的服务50万、与工程无关的服务20万、基建工程100万、修缮工程50万。
2022-04-11,全国博管会进站系统填写过程中出现户籍无法选择，信息保存不了之类的问题如何处理？全国博管会博士后业务系统上传附件材料的要求是什么？,26,人才人事处,全国博管会进站系统填写过程中出现户籍无法选择、信息保存不了等此此问题，一般是浏览器问题，请您检查是否使用IE浏览器并设置兼容性视图。全国博管会博士后业务系统上传附件材料，目前只支持jpg格式，单张图片小于300K。
2022-04-11,博士后进站年龄有具体要求吗？党政机关具有博士学位的工作人员能进站从事博士后研究吗？,96,人才人事处,按全国博管办政策要求，一般为35周岁以下、获得博士学位一般不超过3年,特别优秀的人文社科类可适当放宽年龄要求。根据国家规定，党政机关工作人员不得进站从事博士后研究。
2022-04-11,如何申请北京师范大学博士后？,217,人才人事处,博士后研究人员申请及审批程序，具体流程详见人才人事处博士后网站http://hr.bnu.edu.cn/bsh/bshsq/55468.htm，申请材料表格以原格式、证明材料以扫描件格式发送给设站院系人事干部，各设站院系汇总申请人材料，经院系审核通过后将原格式以及签字盖章后的扫描件发送至bsh@bnu.edu.cn。纸质版材料由申请单位报人才人事处。
2022-04-11,教职工如何申请长期公派出国？如何办理延期归国手续？已归国，如何办理归国报到手续？,23,人才人事处,老师可在信息门户――办事大厅“长期公派出国申请”栏目提出长期公派申请，按照要求填写相关信息，经单位党政领导审核后报学校审批。目前尚在国（境）外教职工原则上按出国（境）批件规定的时间归国。如因特殊客观原因无法归国的，可通过教职工因公出国（境）网上系统办理延期手续。已归国老师可以在信息门户-办事大厅办理归国报到手续，或者联系人才人事处李林老师，联系电话：58808686。
2022-04-11,申报副高职称是否有外语水平要求？任职时间从哪里可以查询？所有成果的截止时间有什么要求？,92,人才人事处,学校取消对各系列、各级各类岗位的外语考试统一要求，各单位可根据学科发展需要和岗位工作需求制定要求。任职时间可登录信息门户―人力资源管理系统中查询。其中，任中级职称的时间可从获得博士学位当年开始计算，采取年减年的计算方法。所有个人成果（学历学位、各类成果等）有效截止时间均为申报当年的3月31日。所有成果均为任现职以来取得。来校后的成果，本人应以北京师范大学为第一署名单位。
2022-04-11,今年岗位晋升工作的启动时间是否有变化？今年岗位晋升工作将执行的文件？,46,人才人事处,今年岗位晋升工作的具体安排需根据学校统一部署动态变化。请关注人才人事处后续发布的通知。教学科研岗位参照《北京师范大学教学科研岗位晋升管理办法（师校发[2020]19号》文件要求执行。其他专业技术岗位继续参照往年文件执行，具体文件可在人才人事处网站“职务聘任―政策规章”中查询，网址为：http://hr.bnu.edu.cn/zyjzgwpy/zyjzgwpy_zc/index.htm。
2022-04-08,疫情防控期间因公出访申请流程与之前有什么不同？,34,国际交流与合作处(港澳台事务办公室),疫情防控期间申请出访办理流程和之前相比，新增了院（系）及学校疫情防控工作领导小组审批意见环节，具体流程如下：1. 教师填写《新冠肺炎防疫期间临时出访审批表》进行申报，陈述出访必要性、出访国家（地区）的疫情发展及边境管控隔离政策、通航情况是否可以保证按申报时间返回等情况并上报院（系）疫情防控工作领导小组审批；2. 院（系）签署意见并签字盖章后，将此表扫描件发到党委教师工作部邮箱；（dwjsgzb@bnu.edu.cn），党委教师工作部将此表上报学校防疫办并将学校防疫办的审批结果反馈给教师；  3. 院（系）常规5个工作日公示；4. 教师登录因公出访审批系统按照要求填报，除上传境外邀请单位出具的正式邀请函、日程等常规材料外，还需上传院（系）批复的《新冠肺炎防疫期间临时出访审批表》、学校防疫办批复意见的截图及《教师疫情期间因公出国（境）安全承诺书》；4. 审批通过后国际交流与合作处（港澳台事务办公室）出具出访批件并邮件通知出访教师；5. 无因公证照教师，请到国际处派出办公室（京师大厦9912A）申请办理因公证照；6. 有因公证照教师，先在国际处网站上查看各国家（地区）的签证及签注要求，准备好材料后提交到国际处派出办公室（京师大厦9912A），申请办理签证及签注。
2022-04-08,学校校庆会给学生发纪念品吗？学生有哪些途径可以参与校庆活动？校庆时毕业校友是否可以进校参观？,407,120周年校庆工作办公室,学校在积极筹措经费为在校学生发放有关纪念品。其余校庆120周年纪念品由学校文创店“京师记忆”统一发售。学校校庆有关活动会通过北京师范大学官微及120周年校庆专题网站（https://120th.bnu.edu.cn/）随时发布，欢迎师生积极参与。届时，学校会根据防疫规定统一发布校友返校安排。
2022-04-08,如何办理归侨证？,19,党委统战部,办理归侨证需到本人户籍所在区县侨务部门办理。海淀区户籍人员需到北京市海淀区人民政府侨务办公室办理。办理地点：北京市海淀区政务服务中心（北京市海淀区东北旺南路甲29号）咨询电话：52807893（具体办理）；82510665（政策咨询）领取到《北京市归国华侨证》之后，请与学校统战部或北师大侨联联系。具体事宜可咨询：党委统战部58807934。
2022-04-08,提交文章后，多久可以完成润色？经过润色服务投递期刊，编辑反馈语言问题被退稿，是否可以重新润色？,95,国际交流与合作处(港澳台事务办公室),提交文章后，一般需要五个工作日，提交文章时系统将提示于哪日返稿。经过润色服务投递期刊，编辑反馈语言问题被退稿，可以重新润色。请老师将问题表述清楚发送邮件至bnusupport@aje.com，并拨打客服电话010-83415152。在投诉前，需保证该润色文章后期未被再次改动，如经过作者改动将无法免费重新润色。
2022-04-08,首次使用英文润色服务，应该如何使用代金券代码（code）？,64,国际交流与合作处(港澳台事务办公室),教师在提交英文润色服务申请后，一至两个工作日可获得code，请注意查收邮件。（服务申请流程见国际交流与合作处网站--教师服务板块--英文润色栏目）您可以按照收到代金券代码邮件中所附网址进行操作，如无法提交成功，请参照国际处网站通知中附件4。输入代金券代码时，系统提示“无效”等对话框，请确认之前步骤选择标准润色（standard editing）、不加急、12000字以内。正确输入位置在是否需要发票上方。如仍无法解决，请联系AJE客服010-83415152。
2022-04-08,英文润色服务面向哪些群体？对于需要进行润色的文章有什么要求？每年可申请几篇英文润色文章？,61,国际交流与合作处(港澳台事务办公室),英文润色服务面向我校北京及珠海校区教师，包含博士后，申请人为作者之一。需要进行润色的文章，第一署名单位即第一作者必须为北京师范大学，并且文章已有英文论文初稿且不能为网络直翻作品，单篇文章不超过12000字（指将参考文献和既不需要又不影响文章语言编辑的图片和表格删去后的字数）。每学期每位教师可申请两篇，如上一年度有经过润色成功发表1一篇文章可申请奖励额度一篇，已获得过奖励额度的论文不可重复申请。
2022-04-08,境外线上国际会议邀请函有什么要求?会议日程及参会日期应如何填报?审批通过并完成线上国际会议后如何报销？,21,国际交流与合作处(港澳台事务办公室),如师生参加线上国际会议，请注意邀请函与日程表的要求与线下国际会议因公出访一致，应邀参会需有外方业务对口机构（人员）的官方邀请，邀请人应与参会人员的职级身份相称；邀请函上须有明确的应邀师生姓名、参会目的内容、参会日期、费用负担方法及邀请人签名；邀请函应打印在公函纸上；非中文、英文邀请函需提供中文翻译件。师生参加线上国际会议，应按照邀请函上日期如实填报信息，7日以下会议请在“会议官方议程”内填写参会议程，7日及以上会议除上述填写之外需在“附件”处上传详细日程表；如实际参会日期仅为全部会议的一部分，请按实际参会日期填写参会日期，并在“会议官方议程”内注明此情况。境外线上国际会议申请获批后,请师生在审批系统“已通过申请”中查看申请，自行打印“审核结果表”用于报销。
2022-04-08,什么情况下参与境外线上国际会议需要报批？报批流程如何？需要提前多久申请？,19,国际交流与合作处(港澳台事务办公室),我校师生如参加由外方主持、外方发起的通过Webinar，Workshop, Conference等形式在线举办的，具有正式邀请函及会议日程的境外线上国际会议，需严格执行请示报批制度。符合以下任何一类情况的师生均需要提前报批：（1）需交纳会议注册费；（2）收到会议邀请函；（3）申请人观点或学术文章将被会议主办方采纳或录用。境外线上国际会议审批及管理模式，参照线下师生赴境外参加国际会议模式，即“院（系）―机关部处―校领导”三级进行审批，师生可自行在申请条目中查看申请进度。由于线上国际会议开展方式比较灵活，原则上不过早申请，提前30日申请报批即可，如有特殊情况可酌情处理，不得在活动结束后补报补批。
2022-04-08,教学科研人员学术出访和行政出访有何不同？行政管理人员可以按照学术访问出访吗？,18,国际交流与合作处(港澳台事务办公室),教育科研人员出国（境）开展学术交流合作，工作内容主要包括教育教学活动、专业领域进修、科学研究、学术访问、出席重要学术会议以及执行国际学术组织履职任务等，每年出国次数、团组人数、在外停留天数根据出访任务的实际需要安排；行政出访是指教学科研人员出国执行学术交流合作以外的工作，即：一般性中外校际或部院系级之间工作交流、各类合作商谈等。团组人数不超过5人，每次出访不超过3个国家和地区（含经停国家和地区，不出机场的除外，下同），在外停留不超过10天（含离、抵我国国境当日，下同）。出访两个国家不超过8天；出访1国不得超过5天。赴拉美、非洲等国家航班衔接不便的团组，出访2国不超过9天，出访1国不超过6天。年初未报出访计划的，但确实需要临时安排的行政出访，应在申请出访任务时说明理由，上传院（系）批复的签字盖章说明。出访同时包括学术交流及行政出访内容的，按照孰严原则参照行政出访执行。中共中央办公厅国务院办公厅转发中央组织部、中央外办等部门《关于加强和改进教学科研人员因公临时出国管理工作的指导意见》，指出学术出访仅对教学科研人员，管理岗位的教师只能按照一般行政工作访问出访，不能按照学术类型访问出访。
2022-04-08,校医院能否提供学生心理健康医疗服务？,150,校医院,校医院在2019年上半年获得卫健委批准，可以开展精神卫生、精神康复和临床心理方面的服务工作。 现疫情期间开展的工作，包括我校师生精神疾病患者随访、常规拿药以及我社区重性精神疾病患者的健康管理服务。如有其它精神心理服务需求方面的个性化问题，欢迎咨询精防办电话：58808240(现校医院精神心理门诊时间为每周一和每周四上午)。关于异地就医精神专科医院的报销问题，可以咨询财务室电话：58809878。
